Workbook

Sheet Catálogo
A1: ECOPOLLO — CATÁLOGO DE PRODUCTOS Y PRECIOS
A2: Entrega de pollo a domicilio | Cartago, Costa Rica | Vigencia: 2026
A4: Código | B4: Producto | C4: Descripción | D4: Unidad | E4: Cliente Final (Hogar) | F4: Sodas y Rest. Pequeños | G4: Restaurantes Medianos | H4: Hoteles y Catering | I4: Mayorista / Revendedor
A5: EP-001 | B5: Pollo Entero Fresco | C5: Pollo entero limpio, listo para cocinar | D5: kg | E5: 3500 | F5: =$E5*$B$18 -> 3080 | G5: =$E5*$C$18 -> 2800 | H5: =$E5*$D$18 -> 2625 | I5: =$E5*$E$18 -> 2380
A6: EP-002 | B6: Pechuga sin Hueso | C6: Filete de pechuga, sin piel ni hueso | D6: kg | E6: 5200 | F6: =$E6*$B$18 -> 4576 | G6: =$E6*$C$18 -> 4160 | H6: =$E6*$D$18 -> 3900 | I6: =$E6*$E$18 -> 3536
A7: EP-003 | B7: Pechuga con Hueso | C7: Pechuga entera con hueso y piel | D7: kg | E7: 4400 | F7: =$E7*$B$18 -> 3872 | G7: =$E7*$C$18 -> 3520 | H7: =$E7*$D$18 -> 3300 | I7: =$E7*$E$18 -> 2992
A8: EP-004 | B8: Muslos | C8: Muslo de pollo con piel y hueso | D8: kg | E8: 3800 | F8: =$E8*$B$18 -> 3344 | G8: =$E8*$C$18 -> 3040 | H8: =$E8*$D$18 -> 2850 | I8: =$E8*$E$18 -> 2584
A9: EP-005 | B9: Encuentros (Cuartos) | C9: Cuarto trasero: muslo + encuentro | D9: kg | E9: 3600 | F9: =$E9*$B$18 -> 3168 | G9: =$E9*$C$18 -> 2880 | H9: =$E9*$D$18 -> 2700 | I9: =$E9*$E$18 -> 2448
A10: EP-006 | B10: Alas | C10: Alitas frescas, listas para freír o asar | D10: kg | E10: 3900 | F10: =$E10*$B$18 -> 3432 | G10: =$E10*$C$18 -> 3120 | H10: =$E10*$D$18 -> 2925 | I10: =$E10*$E$18 -> 2652
A11: EP-007 | B11: Mollejas | C11: Mollejas limpias y listas | D11: kg | E11: 3200 | F11: =$E11*$B$18 -> 2816 | G11: =$E11*$C$18 -> 2560 | H11: =$E11*$D$18 -> 2400 | I11: =$E11*$E$18 -> 2176
A12: EP-008 | B12: Hígados de Pollo | C12: Hígados frescos seleccionados | D12: kg | E12: 2400 | F12: =$E12*$B$18 -> 2112 | G12: =$E12*$C$18 -> 1920 | H12: =$E12*$D$18 -> 1800 | I12: =$E12*$E$18 -> 1632
A13: EP-009 | B13: Pollo en Trozos Mixto | C13: Combo: pechuga, muslo, encuentro, ala | D13: kg | E13: 3700 | F13: =$E13*$B$18 -> 3256 | G13: =$E13*$C$18 -> 2960 | H13: =$E13*$D$18 -> 2775 | I13: =$E13*$E$18 -> 2516
A14: EP-010 | B14: Pollo Marinado BBQ | C14: Trozos marinados en salsa BBQ casera | D14: kg | E14: 4500 | F14: =$E14*$B$18 -> 3960 | G14: =$E14*$C$18 -> 3600 | H14: =$E14*$D$18 -> 3375 | I14: =$E14*$E$18 -> 3060
A17: MULTIPLICADORES POR SEGMENTO (editable — modifica para ajustar todos los precios)
A18: Multiplicador → | B18: 0.88 | C18: 0.8 | D18: 0.75 | E18: 0.68
A19: % descuento → | B19: =1-B18 -> 0.12 | C19: =1-C18 -> 0.2 | D19: =1-D18 -> 0.25 | E19: =1-E18 -> 0.32
A21: DESCRIPCIÓN DE SEGMENTOS
A22: Cliente Final (Hogar) | C22: Compra puntual para consumo doméstico. Precio retail completo. Volumen mínimo, entrega regular.
A23: Sodas y Restaurantes Pequeños | C23: Negocios con consumo semanal moderado. Pedido típico: 10–30 kg/semana. Descuento del 12%.
A24: Restaurantes Medianos | C24: Cadenas locales o restaurantes con alta rotación. Pedido típico: 50–150 kg/semana. Descuento del 20%.
A25: Hoteles y Catering | C25: Volúmenes altos con entregas programadas. Contrato mensual. Descuento del 25%.
A26: Mayorista / Revendedor | C26: Compra para revender. Volumen muy alto, entrega en bodega. Descuento del 32%.
A29: NOTAS
A30: • Los precios están expresados en colones costarricenses (₡) por kilogramo.
A31: • Precios sujetos a cambio según fluctuación del mercado avícola. Vigencia revisada cada trimestre.
A32: • Pedido mínimo para entrega gratis dentro de Cartago: ₡15.000 (Cliente Final). Mayoristas: condiciones especiales.
A33: • Para modificar todos los precios a la vez: cambia los valores azules en la columna E (Cliente Final) y los multiplicadores amarillos en la fila 18.
A34: • Texto en azul = valor editable (input). Texto en negro = fórmula calculada automáticamente.

Sheet Comparativo
A1: COMPARATIVO RÁPIDO DE PRECIOS POR SEGMENTO
A3: Producto | B3: Cliente Final | C3: Sodas/Rest. Peq. | D3: Rest. Medianos | E3: Hoteles/Catering | F3: Mayorista
A4: =Catálogo!B5 -> Pollo Entero Fresco | B4: =Catálogo!E5 -> 3500 | C4: =Catálogo!F5 -> 3080 | D4: =Catálogo!G5 -> 2800 | E4: =Catálogo!H5 -> 2625 | F4: =Catálogo!I5 -> 2380
A5: =Catálogo!B6 -> Pechuga sin Hueso | B5: =Catálogo!E6 -> 5200 | C5: =Catálogo!F6 -> 4576 | D5: =Catálogo!G6 -> 4160 | E5: =Catálogo!H6 -> 3900 | F5: =Catálogo!I6 -> 3536
A6: =Catálogo!B7 -> Pechuga con Hueso | B6: =Catálogo!E7 -> 4400 | C6: =Catálogo!F7 -> 3872 | D6: =Catálogo!G7 -> 3520 | E6: =Catálogo!H7 -> 3300 | F6: =Catálogo!I7 -> 2992
A7: =Catálogo!B8 -> Muslos | B7: =Catálogo!E8 -> 3800 | C7: =Catálogo!F8 -> 3344 | D7: =Catálogo!G8 -> 3040 | E7: =Catálogo!H8 -> 2850 | F7: =Catálogo!I8 -> 2584
A8: =Catálogo!B9 -> Encuentros (Cuartos) | B8: =Catálogo!E9 -> 3600 | C8: =Catálogo!F9 -> 3168 | D8: =Catálogo!G9 -> 2880 | E8: =Catálogo!H9 -> 2700 | F8: =Catálogo!I9 -> 2448
A9: =Catálogo!B10 -> Alas | B9: =Catálogo!E10 -> 3900 | C9: =Catálogo!F10 -> 3432 | D9: =Catálogo!G10 -> 3120 | E9: =Catálogo!H10 -> 2925 | F9: =Catálogo!I10 -> 2652
A10: =Catálogo!B11 -> Mollejas | B10: =Catálogo!E11 -> 3200 | C10: =Catálogo!F11 -> 2816 | D10: =Catálogo!G11 -> 2560 | E10: =Catálogo!H11 -> 2400 | F10: =Catálogo!I11 -> 2176
A11: =Catálogo!B12 -> Hígados de Pollo | B11: =Catálogo!E12 -> 2400 | C11: =Catálogo!F12 -> 2112 | D11: =Catálogo!G12 -> 1920 | E11: =Catálogo!H12 -> 1800 | F11: =Catálogo!I12 -> 1632
A12: =Catálogo!B13 -> Pollo en Trozos Mixto | B12: =Catálogo!E13 -> 3700 | C12: =Catálogo!F13 -> 3256 | D12: =Catálogo!G13 -> 2960 | E12: =Catálogo!H13 -> 2775 | F12: =Catálogo!I13 -> 2516
A13: =Catálogo!B14 -> Pollo Marinado BBQ | B13: =Catálogo!E14 -> 4500 | C13: =Catálogo!F14 -> 3960 | D13: =Catálogo!G14 -> 3600 | E13: =Catálogo!H14 -> 3375 | F13: =Catálogo!I14 -> 3060
A14: PROMEDIO | B14: =AVERAGE(B4:B13) -> 3820 | C14: =AVERAGE(C4:C13) -> 3361.6 | D14: =AVERAGE(D4:D13) -> 3056 | E14: =AVERAGE(E4:E13) -> 2865 | F14: =AVERAGE(F4:F13) -> 2597.6
